{"cameraMode":{"drawMode":0,"name":"Shaded","section":"Shading Mode"},"sceneLighting":true,"audioPlay":false,"sceneViewState":{"m_AlwaysRefresh":false,"showFog":true,"showSkybox":true,"showFlares":true,"showImageEffects":true,"showParticleSystems":true,"showVisualEffectGraphs":true,"m_FxEnabled":true},"in2DMode":false,"pivot":{"x":-0.09280628710985184,"y":17.22153663635254,"z":95.6800308227539},"rotation":{"x":-0.3323092758655548,"y":0.018293961882591249,"z":-0.006661690771579742,"w":-0.9432948231697083},"size":24.24871063232422,"orthographic":false}